-- --------------------------------------------------------
-- Host:                         127.0.0.1
-- Versión del servidor:         5.7.36 - MySQL Community Server (GPL)
-- SO del servidor:              Win64
-- HeidiSQL Versión:             12.5.0.6677
-- --------------------------------------------------------

/*!40101 SET @OLD_CHARACTER_SET_CLIENT=@@CHARACTER_SET_CLIENT */;
/*!40101 SET NAMES utf8 */;
/*!50503 SET NAMES utf8mb4 */;
/*!40103 SET @OLD_TIME_ZONE=@@TIME_ZONE */;
/*!40103 SET TIME_ZONE='+00:00' */;
/*!40014 SET @OLD_FOREIGN_KEY_CHECKS=@@FOREIGN_KEY_CHECKS, FOREIGN_KEY_CHECKS=0 */;
/*!40101 SET @OLD_SQL_MODE=@@SQL_MODE, SQL_MODE='NO_AUTO_VALUE_ON_ZERO' */;
/*!40111 SET @OLD_SQL_NOTES=@@SQL_NOTES, SQL_NOTES=0 */;

-- Volcando datos para la tabla solfeando.ciudades: ~52 rows (aproximadamente)
DELETE FROM `ciudades`;
INSERT INTO `ciudades` (`id`, `nombre_ciudad`, `pais_id`, `created_at`, `updated_at`) VALUES
	(1, 'Álava', 1, NULL, NULL),
	(2, 'Albacete', 1, NULL, NULL),
	(3, 'Alacant', 1, NULL, NULL),
	(4, 'Almería', 1, NULL, NULL),
	(5, 'Ávila', 1, NULL, NULL),
	(6, 'Badajoz', 1, NULL, NULL),
	(7, 'Illes Balears', 1, NULL, NULL),
	(8, 'Barcelona', 1, NULL, NULL),
	(9, 'Burgos', 1, NULL, NULL),
	(10, 'Cáceres', 1, NULL, NULL),
	(11, 'Cádiz', 1, NULL, NULL),
	(12, 'Castelló', 1, NULL, NULL),
	(13, 'Ciudad Real', 1, NULL, NULL),
	(14, 'Córdoba', 1, NULL, NULL),
	(15, 'A Coruña', 1, NULL, NULL),
	(16, 'Cuenca', 1, NULL, NULL),
	(17, 'Girona', 1, NULL, NULL),
	(18, 'Granada', 1, NULL, NULL),
	(19, 'Guadalajara', 1, NULL, NULL),
	(20, 'Gipuzkoa', 1, NULL, NULL),
	(21, 'Huelva', 1, NULL, NULL),
	(22, 'Huesca', 1, NULL, NULL),
	(23, 'Jaén', 1, NULL, NULL),
	(24, 'León', 1, NULL, NULL),
	(25, 'Lleida', 1, NULL, NULL),
	(26, 'La Rioja', 1, NULL, NULL),
	(27, 'Lugo', 1, NULL, NULL),
	(28, 'Madrid', 1, NULL, NULL),
	(29, 'Málaga', 1, NULL, NULL),
	(30, 'Murcia', 1, NULL, NULL),
	(31, 'Nafarroa', 1, NULL, NULL),
	(32, 'Ourense', 1, NULL, NULL),
	(33, 'Asturias', 1, NULL, NULL),
	(34, 'Palencia', 1, NULL, NULL),
	(35, 'Las Palmas', 1, NULL, NULL),
	(36, 'Pontevedra', 1, NULL, NULL),
	(37, 'Salamanca', 1, NULL, NULL),
	(38, 'Sta. Cruz de Tenerife', 1, NULL, NULL),
	(39, 'Cantabria', 1, NULL, NULL),
	(40, 'Segovia', 1, NULL, NULL),
	(41, 'Sevilla', 1, NULL, NULL),
	(42, 'Soria', 1, NULL, NULL),
	(43, 'Tarragona', 1, NULL, NULL),
	(44, 'Teruel', 1, NULL, NULL),
	(45, 'Toledo', 1, NULL, NULL),
	(46, 'Valéncia', 1, NULL, NULL),
	(47, 'Valladolid', 1, NULL, NULL),
	(48, 'Bizkaia', 1, NULL, NULL),
	(49, 'Zamora', 1, NULL, NULL),
	(50, 'Zaragoza', 1, NULL, NULL),
	(51, 'Ceuta', 1, NULL, NULL),
	(52, 'Melilla', 1, NULL, NULL);

-- Volcando datos para la tabla solfeando.estados: ~5 rows (aproximadamente)
DELETE FROM `estados`;
INSERT INTO `estados` (`id`, `nombre_estado`, `created_at`, `updated_at`) VALUES
	(1, 'ACTIVO', NULL, NULL),
	(2, 'INACTIVO', NULL, NULL),
	(3, 'POR VENCER', NULL, NULL),
	(5, 'PAUSADO', NULL, NULL),
	(6, 'FINALIZADO', NULL, NULL);

-- Volcando datos para la tabla solfeando.foros: ~0 rows (aproximadamente)
DELETE FROM `foros`;

-- Volcando datos para la tabla solfeando.instrumentos: ~3 rows (aproximadamente)
DELETE FROM `instrumentos`;
INSERT INTO `instrumentos` (`id`, `nombre_instrumento`, `created_at`, `updated_at`) VALUES
	(1, 'GUITARRA', NULL, NULL),
	(2, 'PIANO', NULL, NULL),
	(3, 'BATERÍA', NULL, NULL);

-- Volcando datos para la tabla solfeando.metodos_pago: ~2 rows (aproximadamente)
DELETE FROM `metodos_pago`;
INSERT INTO `metodos_pago` (`id`, `medio_pago`, `created_at`, `updated_at`) VALUES
	(1, 'Transferencia bancaria', NULL, NULL),
	(2, 'Tarjeta', NULL, NULL);

-- Volcando datos para la tabla solfeando.paises: ~248 rows (aproximadamente)
DELETE FROM `paises`;
INSERT INTO `paises` (`id`, `nombre_pais`, `created_at`, `updated_at`) VALUES
	(1, 'España', NULL, NULL),
	(2, 'Venezuela', NULL, NULL),
	(3, 'Afganistán', NULL, NULL),
	(4, 'Albania', NULL, NULL),
	(5, 'Alemania', NULL, NULL),
	(6, 'Andorra', NULL, NULL),
	(7, 'Angola', NULL, NULL),
	(8, 'Anguila', NULL, NULL),
	(9, 'Antártida', NULL, NULL),
	(10, 'Antigua y Barbuda', NULL, NULL),
	(11, 'Arabia Saudita', NULL, NULL),
	(12, 'Argelia', NULL, NULL),
	(13, 'Argentina', NULL, NULL),
	(14, 'Armenia', NULL, NULL),
	(15, 'Aruba', NULL, NULL),
	(16, 'Australia', NULL, NULL),
	(17, 'Austria', NULL, NULL),
	(18, 'Azerbaiyán', NULL, NULL),
	(19, 'Bélgica', NULL, NULL),
	(20, 'Bahamas', NULL, NULL),
	(21, 'Bahrein', NULL, NULL),
	(22, 'Bangladesh', NULL, NULL),
	(23, 'Barbados', NULL, NULL),
	(24, 'Belice', NULL, NULL),
	(25, 'Benín', NULL, NULL),
	(26, 'Bhután', NULL, NULL),
	(27, 'Bielorrusia', NULL, NULL),
	(28, 'Birmania', NULL, NULL),
	(29, 'Bolivia', NULL, NULL),
	(30, 'Bosnia y Herzegovina', NULL, NULL),
	(31, 'Botsuana', NULL, NULL),
	(32, 'Brasil', NULL, NULL),
	(33, 'Brunéi', NULL, NULL),
	(34, 'Bulgaria', NULL, NULL),
	(35, 'Burkina Faso', NULL, NULL),
	(36, 'Burundi', NULL, NULL),
	(37, 'Cabo Verde', NULL, NULL),
	(38, 'Camboya', NULL, NULL),
	(39, 'Camerún', NULL, NULL),
	(40, 'Canadá', NULL, NULL),
	(41, 'Chad', NULL, NULL),
	(42, 'Chile', NULL, NULL),
	(43, 'China', NULL, NULL),
	(44, 'Chipre', NULL, NULL),
	(45, 'Ciudad del Vaticano', NULL, NULL),
	(46, 'Colombia', NULL, NULL),
	(47, 'Comoras', NULL, NULL),
	(48, 'República del Congo', NULL, NULL),
	(49, 'República Democrática del Congo', NULL, NULL),
	(50, 'Corea del Norte', NULL, NULL),
	(51, 'Corea del Sur', NULL, NULL),
	(52, 'Costa de Marfil', NULL, NULL),
	(53, 'Costa Rica', NULL, NULL),
	(54, 'Croacia', NULL, NULL),
	(55, 'Cuba', NULL, NULL),
	(56, 'Curazao', NULL, NULL),
	(57, 'Dinamarca', NULL, NULL),
	(58, 'Dominica', NULL, NULL),
	(59, 'Ecuador', NULL, NULL),
	(60, 'Egipto', NULL, NULL),
	(61, 'El Salvador', NULL, NULL),
	(62, 'Emiratos Árabes Unidos', NULL, NULL),
	(63, 'Eritrea', NULL, NULL),
	(64, 'Eslovaquia', NULL, NULL),
	(65, 'Eslovenia', NULL, NULL),
	(66, 'Estados Unidos de América', NULL, NULL),
	(67, 'Estonia', NULL, NULL),
	(68, 'Etiopía', NULL, NULL),
	(69, 'Filipinas', NULL, NULL),
	(70, 'Finlandia', NULL, NULL),
	(71, 'Fiyi', NULL, NULL),
	(72, 'Francia', NULL, NULL),
	(73, 'Gabón', NULL, NULL),
	(74, 'Gambia', NULL, NULL),
	(75, 'Georgia', NULL, NULL),
	(76, 'Ghana', NULL, NULL),
	(77, 'Gibraltar', NULL, NULL),
	(78, 'Granada', NULL, NULL),
	(79, 'Grecia', NULL, NULL),
	(80, 'Groenlandia', NULL, NULL),
	(81, 'Guadalupe', NULL, NULL),
	(82, 'Guam', NULL, NULL),
	(83, 'Guatemala', NULL, NULL),
	(84, 'Guayana Francesa', NULL, NULL),
	(85, 'Guernsey', NULL, NULL),
	(86, 'Guinea', NULL, NULL),
	(87, 'Guinea Ecuatorial', NULL, NULL),
	(88, 'Guinea-Bissau', NULL, NULL),
	(89, 'Guyana', NULL, NULL),
	(90, 'Haití', NULL, NULL),
	(91, 'Honduras', NULL, NULL),
	(92, 'Hong kong', NULL, NULL),
	(93, 'Hungría', NULL, NULL),
	(94, 'India', NULL, NULL),
	(95, 'Indonesia', NULL, NULL),
	(96, 'Irán', NULL, NULL),
	(97, 'Irak', NULL, NULL),
	(98, 'Irlanda', NULL, NULL),
	(99, 'Isla Bouvet', NULL, NULL),
	(100, 'Isla de Man', NULL, NULL),
	(101, 'Isla de Navidad', NULL, NULL),
	(102, 'Isla Norfolk', NULL, NULL),
	(103, 'Islandia', NULL, NULL),
	(104, 'Islas Bermudas', NULL, NULL),
	(105, 'Islas Caimán', NULL, NULL),
	(106, 'Islas Cocos (Keeling)', NULL, NULL),
	(107, 'Islas Cook', NULL, NULL),
	(108, 'Islas de Åland', NULL, NULL),
	(109, 'Islas Feroe', NULL, NULL),
	(110, 'Islas Georgias del Sur y Sandwich del Sur', NULL, NULL),
	(111, 'Islas Heard y McDonald', NULL, NULL),
	(112, 'Islas Maldivas', NULL, NULL),
	(113, 'Islas Malvinas', NULL, NULL),
	(114, 'Islas Marianas del Norte', NULL, NULL),
	(115, 'Islas Marshall', NULL, NULL),
	(116, 'Islas Pitcairn', NULL, NULL),
	(117, 'Islas Salomón', NULL, NULL),
	(118, 'Islas Turcas y Caicos', NULL, NULL),
	(119, 'Islas Ultramarinas Menores de Estados Unidos', NULL, NULL),
	(120, 'Islas Vírgenes Británicas', NULL, NULL),
	(121, 'Islas Vírgenes de los Estados Unidos', NULL, NULL),
	(122, 'Israel', NULL, NULL),
	(123, 'Italia', NULL, NULL),
	(124, 'Jamaica', NULL, NULL),
	(125, 'Japón', NULL, NULL),
	(126, 'Jersey', NULL, NULL),
	(127, 'Jordania', NULL, NULL),
	(128, 'Kazajistán', NULL, NULL),
	(129, 'Kenia', NULL, NULL),
	(130, 'Kirguistán', NULL, NULL),
	(131, 'Kiribati', NULL, NULL),
	(132, 'Kuwait', NULL, NULL),
	(133, 'Líbano', NULL, NULL),
	(134, 'Laos', NULL, NULL),
	(135, 'Lesoto', NULL, NULL),
	(136, 'Letonia', NULL, NULL),
	(137, 'Liberia', NULL, NULL),
	(138, 'Libia', NULL, NULL),
	(139, 'Liechtenstein', NULL, NULL),
	(140, 'Lituania', NULL, NULL),
	(141, 'Luxemburgo', NULL, NULL),
	(142, 'México', NULL, NULL),
	(143, 'Mónaco', NULL, NULL),
	(144, 'Macao', NULL, NULL),
	(145, 'Macedônia', NULL, NULL),
	(146, 'Madagascar', NULL, NULL),
	(147, 'Malasia', NULL, NULL),
	(148, 'Malawi', NULL, NULL),
	(149, 'Mali', NULL, NULL),
	(150, 'Malta', NULL, NULL),
	(151, 'Marruecos', NULL, NULL),
	(152, 'Martinica', NULL, NULL),
	(153, 'Mauricio', NULL, NULL),
	(154, 'Mauritania', NULL, NULL),
	(155, 'Mayotte', NULL, NULL),
	(156, 'Micronesia', NULL, NULL),
	(157, 'Moldavia', NULL, NULL),
	(158, 'Mongolia', NULL, NULL),
	(159, 'Montenegro', NULL, NULL),
	(160, 'Montserrat', NULL, NULL),
	(161, 'Mozambique', NULL, NULL),
	(162, 'Namibia', NULL, NULL),
	(163, 'Nauru', NULL, NULL),
	(164, 'Nepal', NULL, NULL),
	(165, 'Nicaragua', NULL, NULL),
	(166, 'Niger', NULL, NULL),
	(167, 'Nigeria', NULL, NULL),
	(168, 'Niue', NULL, NULL),
	(169, 'Noruega', NULL, NULL),
	(170, 'Nueva Caledonia', NULL, NULL),
	(171, 'Nueva Zelanda', NULL, NULL),
	(172, 'Omán', NULL, NULL),
	(173, 'Países Bajos', NULL, NULL),
	(174, 'Pakistán', NULL, NULL),
	(175, 'Palau', NULL, NULL),
	(176, 'Palestina', NULL, NULL),
	(177, 'Panamá', NULL, NULL),
	(178, 'Papúa Nueva Guinea', NULL, NULL),
	(179, 'Paraguay', NULL, NULL),
	(180, 'Perú', NULL, NULL),
	(181, 'Polinesia Francesa', NULL, NULL),
	(182, 'Polonia', NULL, NULL),
	(183, 'Portugal', NULL, NULL),
	(184, 'Puerto Rico', NULL, NULL),
	(185, 'Qatar', NULL, NULL),
	(186, 'Reino Unido', NULL, NULL),
	(187, 'República Centroafricana', NULL, NULL),
	(188, 'República Checa', NULL, NULL),
	(189, 'República Dominicana', NULL, NULL),
	(190, 'República de Sudán del Sur', NULL, NULL),
	(191, 'Reunión', NULL, NULL),
	(192, 'Ruanda', NULL, NULL),
	(193, 'Rumanía', NULL, NULL),
	(194, 'Rusia', NULL, NULL),
	(195, 'Sahara Occidental', NULL, NULL),
	(196, 'Samoa', NULL, NULL),
	(197, 'Samoa Americana', NULL, NULL),
	(198, 'San Bartolomé', NULL, NULL),
	(199, 'San Cristóbal y Nieves', NULL, NULL),
	(200, 'San Marino', NULL, NULL),
	(201, 'San Martín (Francia)', NULL, NULL),
	(202, 'San Pedro y Miquelón', NULL, NULL),
	(203, 'San Vicente y las Granadinas', NULL, NULL),
	(204, 'Santa Elena', NULL, NULL),
	(205, 'Santa Lucía', NULL, NULL),
	(206, 'Santo Tomé y Príncipe', NULL, NULL),
	(207, 'Senegal', NULL, NULL),
	(208, 'Serbia', NULL, NULL),
	(209, 'Seychelles', NULL, NULL),
	(210, 'Sierra Leona', NULL, NULL),
	(211, 'Singapur', NULL, NULL),
	(212, 'Sint Maarten', NULL, NULL),
	(213, 'Siria', NULL, NULL),
	(214, 'Somalia', NULL, NULL),
	(215, 'Sri lanka', NULL, NULL),
	(216, 'Sudáfrica', NULL, NULL),
	(217, 'Sudán', NULL, NULL),
	(218, 'Suecia', NULL, NULL),
	(219, 'Suiza', NULL, NULL),
	(220, 'Surinám', NULL, NULL),
	(221, 'Svalbard y Jan Mayen', NULL, NULL),
	(222, 'Swazilandia', NULL, NULL),
	(223, 'Tayikistán', NULL, NULL),
	(224, 'Tailandia', NULL, NULL),
	(225, 'Taiwán', NULL, NULL),
	(226, 'Tanzania', NULL, NULL),
	(227, 'Territorio Británico del Océano Índico', NULL, NULL),
	(228, 'Territorios Australes y Antárticas Franceses', NULL, NULL),
	(229, 'Timor Oriental', NULL, NULL),
	(230, 'Togo', NULL, NULL),
	(231, 'Tokelau', NULL, NULL),
	(232, 'Tonga', NULL, NULL),
	(233, 'Trinidad y Tobago', NULL, NULL),
	(234, 'Tunez', NULL, NULL),
	(235, 'Turkmenistán', NULL, NULL),
	(236, 'Turquía', NULL, NULL),
	(237, 'Tuvalu', NULL, NULL),
	(238, 'Ucrania', NULL, NULL),
	(239, 'Uganda', NULL, NULL),
	(240, 'Uruguay', NULL, NULL),
	(241, 'Uzbekistán', NULL, NULL),
	(242, 'Vanuatu', NULL, NULL),
	(243, 'Vietnam', NULL, NULL),
	(244, 'Wallis y Futuna', NULL, NULL),
	(245, 'Yemen', NULL, NULL),
	(246, 'Yibuti', NULL, NULL),
	(247, 'Zambia', NULL, NULL),
	(248, 'Zimbabue', NULL, NULL);

-- Volcando datos para la tabla solfeando.password_resets: ~1 rows (aproximadamente)
DELETE FROM `password_resets`;
INSERT INTO `password_resets` (`email`, `token`, `created_at`) VALUES
	('guillermo.n.8@gmail.com', '$2y$10$e4PiU7WnsSZX11B9lHfiKuCVWkM45gqm3q1QNiXKFak46kTlu5x3m', '2023-06-14 20:43:56');

-- Volcando datos para la tabla solfeando.roles: ~3 rows (aproximadamente)
DELETE FROM `roles`;
INSERT INTO `roles` (`id`, `nombre_rol`, `created_at`, `updated_at`) VALUES
	(1, 'SUPERADMIN', NULL, NULL),
	(2, 'ALUMNO', NULL, NULL),
	(3, 'PROFESOR', NULL, NULL);

-- Volcando datos para la tabla solfeando.suscripciones: ~5 rows (aproximadamente)
DELETE FROM `suscripciones`;
INSERT INTO `suscripciones` (`id`, `fecha_inicio`, `fecha_expiracion`, `numero_operacion_pago`, `dias_suscripcion`, `instrumento_id`, `usuario_id`, `estado_id`, `metodo_pago_id`, `created_at`, `updated_at`) VALUES
	(1, '2023-06-14', '2023-07-14', '654814', 29, 1, 3, 1, 1, '2023-06-14 19:57:50', '2023-06-14 21:28:29'),
	(2, '2023-06-14', '2023-07-14', NULL, 29, 2, 4, 1, 2, '2023-06-14 20:39:07', '2023-06-14 21:28:29'),
	(3, '2023-06-14', '2023-06-18', '23423423', 3, 3, 5, 3, 1, '2023-06-14 20:55:07', '2023-06-14 21:28:29'),
	(4, '2023-06-14', '2024-06-14', 'd9990f', 365, 3, 6, 1, 1, '2023-06-14 21:09:24', '2023-06-14 21:28:29'),
	(5, '2023-06-14', '2023-06-16', 'd34534', 1, 1, 7, 3, 2, '2023-06-14 21:26:16', '2023-06-14 21:28:29');

-- Volcando datos para la tabla solfeando.usuarios: ~6 rows (aproximadamente)
DELETE FROM `usuarios`;
INSERT INTO `usuarios` (`id`, `nombre_usuario`, `apellido_usuario`, `postal_usuario`, `direccion_usuario`, `telefono_usuario`, `email`, `password`, `pais_id`, `ciudad_id`, `rol_id`, `estado_id`, `created_at`, `updated_at`, `remember_token`) VALUES
	(1, 'Guillermo', 'Nieto Murcia', '04720', 'Puerto del Manzanal', '636111872', 'guillermo.n.8@gmail.com', '$2y$10$60PztFTRuUGj90V7gH4t8Ou.3bPIx2WLmx127Gdmj10Fd9BFiqDKG', 1, 4, 1, 1, NULL, NULL, 'gPYIqFOAnnHJNruko8CeMzOx3RYS2APXfrwUETY9l2QXiXrj4GKLWUw30zau'),
	(3, 'Marina', 'Sánchez Quero', '25639', 'Calle Neptuno', '693582417', 'marina@gmail.com', '$2y$10$8EV0G8caY.NzilYz7xVwkOuUF0CyA9PnJU9mEgsf9MBvPijtTIh6i', 1, 4, 3, 1, '2023-06-14 19:57:50', '2023-06-14 21:28:29', NULL),
	(4, 'Manuela', 'Murcia Alarcón', '45789', 'Calle Pepito', '678678678', 'manuela@gmail.com', '$2y$10$z0bzL8dvjIfMxpIxX8Klj.Bv0H4lxFqqi1Wk3M92r35GIB.79OYZe', 1, 4, 2, 1, '2023-06-14 20:39:07', '2023-06-14 21:28:29', NULL),
	(5, 'Juan Antonio', 'Martin Martin', '45632', 'Calle Málaga', '654654645', 'juan@gmail.com', '$2y$10$togTJvxy5Walt4yeXGT6eupYxMhmGx03vng6/neOLKCiBJm9W5nrO', 1, 4, 2, 1, '2023-06-14 20:55:07', '2023-06-14 21:28:29', NULL),
	(6, 'Gabriel', 'Mercado Pometti', '34123', 'Calle Argentina', '678345345', 'gabriel@gmail.com', '$2y$10$kDsZcdkTGQc7tJ0sP6R6eewuzhLXG/HY4uF9NrVD6wRGeQD6IE5pC', 1, 4, 3, 1, '2023-06-14 21:09:24', '2023-06-14 21:28:29', NULL),
	(7, 'Miguel', 'Nieto Galindo', '78906', 'Calle Ramon de Carranza nº5', '676767676', 'miguel@nieto.com', '$2y$10$rJyQ9b5hZl83G8YeirXx1eZVYBPTK7yK8uD8mcfHQYZCAVg3xyxdm', 1, 11, 2, 1, '2023-06-14 21:26:16', '2023-06-14 21:32:26', '2gs4fOPSqO46eLg7ApgSnHwaBqk4ffFDRx7aen3kJLwtcgYugMra9n5NccGk');

/*!40103 SET TIME_ZONE=IFNULL(@OLD_TIME_ZONE, 'system') */;
/*!40101 SET SQL_MODE=IFNULL(@OLD_SQL_MODE, '') */;
/*!40014 SET FOREIGN_KEY_CHECKS=IFNULL(@OLD_FOREIGN_KEY_CHECKS, 1) */;
/*!40101 SET CHARACTER_SET_CLIENT=@OLD_CHARACTER_SET_CLIENT */;
/*!40111 SET SQL_NOTES=IFNULL(@OLD_SQL_NOTES, 1) */;
